writtenAt,content,visitedAt,rating,author
2026-06-04,김치찌개 2인 시켰는데 고기가 넉넉하게 들어있어요.,2026-06-03,5,배고파요
2026-06-05,제육볶음 양이 많고 맛있어요. 직원분들도 친절하세요.,2026-06-04,,sora
2026-06-08,김치찌개 2인 시켰는데 고기가 넉넉하게 들어있어요.,2026-06-07,5,yummy
2026-06-10,비빔밥 나물이 신선해서 좋았습니다.,2026-06-09,,hungry_kim
2026-06-12,된장찌개가 집밥 느낌이라 자주 옵니다.,2026-06-11,5,리뷰왕
2026-06-14,직장 근처라 자주 오는데 늘 맛이 일정해요.,2026-06-12,,밥심
2026-06-14,제육볶음 양이 많고 맛있어요. 직원분들도 친절하세요.,2026-06-14,4,맛집탐방러
2026-06-15,순두부찌개 적당히 매콤하고 맛있네요.,2026-06-15,5,배고파요
2026-06-19,점심에 김치찌개 먹었는데 국물이 진하고 좋아요. 반찬도 깔끔합니다.,2026-06-18,,점심요정
2026-06-18,제육볶음 양이 많고 맛있어요. 직원분들도 친절하세요.,2026-06-18,5,jjm0412
2026-06-22,갈비탕 고기가 부드럽고 국물이 깔끔해요.,2026-06-21,5,yummy
2026-06-24,된장찌개가 집밥 느낌이라 자주 옵니다.,2026-06-22,5,sora
2026-06-24,순두부찌개 적당히 매콤하고 맛있네요.,2026-06-24,,한식러버
2026-06-27,비빔밥 나물이 신선해서 좋았습니다.,2026-06-26,5,리뷰왕
2026-06-29,점심시간에 웨이팅이 좀 길었어요. 맛은 괜찮습니다.,2026-06-27,3,배고파요
2026-06-29,순두부찌개 적당히 매콤하고 맛있네요.,2026-06-29,5,직장인A
2026-07-02,제육볶음 양이 많고 맛있어요. 직원분들도 친절하세요.,2026-07-02,5,밥심
2026-07-04,계란말이 폭신하고 맛있어요! 저녁에 반주하기 좋아요.,2026-07-03,5,먹깨비
2026-07-06,순두부찌개 적당히 매콤하고 맛있네요.,2026-07-05,5,yummy
2026-07-08,제육볶음 양이 많고 맛있어요. 직원분들도 친절하세요.,2026-07-07,,yummy
2026-07-08,김치찌개 2인 시켰는데 고기가 넉넉하게 들어있어요.,2026-07-08,5,배고파요
2026-07-10,직장 근처라 자주 오는데 늘 맛이 일정해요.,2026-07-09,,산책하는곰
2026-07-11,매장이 깨끗하고 분위기 좋아요. 재방문 의사 있습니다.,2026-07-11,4,직장인A
2026-07-15,에어컨이 약해서 조금 더웠어요.,2026-07-14,4,점심요정
2026-07-17,제육볶음 양이 많고 맛있어요. 직원분들도 친절하세요.,2026-07-16,,sora
2026-07-18,된장찌개가 집밥 느낌이라 자주 옵니다.,2026-07-18,,밥심
2026-07-19,된장찌개가 집밥 느낌이라 자주 옵니다.,2026-07-19,4,동네주민
2026-07-22,직장 근처라 자주 오는데 늘 맛이 일정해요.,2026-07-21,4,sora
2026-07-23,계란말이 폭신하고 맛있어요! 저녁에 반주하기 좋아요.,2026-07-23,,sora
2026-07-26,갈비탕 고기가 부드럽고 국물이 깔끔해요.,2026-07-25,5,동네주민
2026-07-26,제육볶음 양이 많고 맛있어요. 직원분들도 친절하세요.,2026-07-26,5,jjm0412
2026-07-28,순두부찌개 적당히 매콤하고 맛있네요.,2026-07-27,5,sora
2026-07-31,비빔밥 나물이 신선해서 좋았습니다.,2026-07-29,5,sora
2026-08-01,직장 근처라 자주 오는데 늘 맛이 일정해요.,2026-08-01,,배고파요
2026-08-04,김치찌개 2인 시켰는데 고기가 넉넉하게 들어있어요.,2026-08-02,5,퇴근길
2026-08-04,제육볶음 양이 많고 맛있어요. 직원분들도 친절하세요.,2026-08-04,,맛집탐방러
2026-08-06,갈비탕 고기가 부드럽고 국물이 깔끔해요.,2026-08-06,5,hungry_kim
2026-08-08,순두부찌개 적당히 매콤하고 맛있네요.,2026-08-07,4,한식러버
2026-08-08,점심에 김치찌개 먹었는데 국물이 진하고 좋아요. 반찬도 깔끔합니다.,2026-08-08,5,밥심
2026-08-12,요즘 김치찌개에 김치가 덜 익은 것 같아요.,2026-08-11,3,점심요정
2026-08-13,점심에 김치찌개 먹었는데 국물이 진하고 좋아요. 반찬도 깔끔합니다.,2026-08-12,,배고파요
2026-08-16,김치찌개 양이 줄었어요. 가격은 그대로인데 아쉽네요.,2026-08-15,2,산책하는곰
2026-08-16,김치찌개가 예전보다 많이 싱거워졌어요. 고기도 줄어든 느낌이에요.,2026-08-15,3,점심요정
2026-08-18,김치찌개 맛이 변했네요... 예전 맛이 그립습니다.,2026-08-18,3,산책하는곰
2026-08-21,점심에 김치찌개 먹었는데 국물이 진하고 좋아요. 반찬도 깔끔합니다.,2026-08-20,4,밥심
2026-08-24,저녁에 갔는데 김치찌개가 너무 늦게 나왔어요.,2026-08-22,3,한식러버
2026-08-24,요즘 김치찌개에 김치가 덜 익은 것 같아요.,2026-08-23,2,한식러버
2026-08-24,저녁에 갔는데 김치찌개가 너무 늦게 나왔어요.,2026-08-24,3,리뷰왕
2026-08-26,김치찌개가 예전보다 많이 싱거워졌어요. 고기도 줄어든 느낌이에요.,2026-08-26,3,배고파요
2026-08-29,점심에 김치찌개 먹었는데 국물이 진하고 좋아요. 반찬도 깔끔합니다.,2026-08-28,5,한식러버
2026-06-22,갈비탕 고기가 부드럽고 국물이 깔끔해요.,2026-06-21,5,yummy
,작성일이 없는 행,2026-07-01,5,누군가
